Store,Age0to9,Age10to17,Age18to24,Age25to29,Age30to39,Age40to49,Age50to64,Age65Plus,EdLTHS,EdHSGrad,EdSomeCol,EdAssociate,EdBachelor,EdMaster,EdProfSchl,EdDoctorate,HHSz1Per,HHSz2Per,HHSz3Per,HHSz4Per,HHSz5PlusPer,HHIncU25K,HHInc25Kto50K,HHInc50Kto75K,HHInc75Kto100K,HHInc100Kto150K,HHInc150Kto250K,HHInc250KPlus,PopAsian,PopBlack,PopHispanic,PopMulti,PopNativeAmer,PopOther,PopPacIsl,PopWhite,HVal0to100K,HVal100Kto200K,HVal200Kto300K,HVal300Kto400K,HVal400Kto500K,HVal500Kto750K,HVal750KPlus,PopDens
S0001,0.138162854,0.111414427,0.113227535,8.17E-02,0.134923707,0.128832481,0.160429442,0.131358608,0.241934968,0.232822841,0.211753045,0.11775426,0.129967708,3.85E-02,8.38E-03,1.79E-03,0.263372805,0.283730969,0.151898734,0.132182232,0.168756927,0.22761477,0.273172724,0.217873184,0.114157382,0.116199032,3.74E-02,1.36E-02,6.06E-02,2.39E-02,0.431112107,2.16E-02,4.56E-03,1.28E-03,2.67E-03,0.454295435,0.073852539,0.115966797,0.223510742,0.301879883,0.180786133,0.097167969,0.006835938,4260.943672
S0002,0.138954244,0.112722548,0.100572392,7.48E-02,0.12108017,0.146960705,0.195455982,0.109421639,0.125223614,0.299506695,0.186913861,9.09E-02,0.126578848,3.58E-02,6.99E-03,2.71E-03,0.218165802,0.307428795,0.195262797,0.159244397,0.120093961,0.186845454,0.243319957,0.193207399,0.152295194,0.152490946,5.17E-02,2.01E-02,1.75E-02,1.59E-02,0.193581235,3.11E-02,8.71E-03,7.02E-04,2.88E-03,0.729695565,0.124956491,0.127915071,0.206578489,0.223807866,0.174730247,0.12913331,1.29E-02,3061.060073
S0003,0.108581987,9.13E-02,0.11348569,0.111414561,0.182909124,0.144938425,0.150248231,9.72E-02,0.321859984,0.172440305,0.266370962,6.05E-02,0.215125305,6.05E-02,1.51E-02,6.27E-03,0.306900693,0.287274117,0.14898728,0.116831359,0.139979254,0.355516733,0.256128187,0.156685047,8.33E-02,8.64E-02,4.08E-02,2.12E-02,0.223656023,3.01E-02,0.54197675,1.70E-02,1.84E-03,2.58E-03,8.02E-04,0.182080309,2.47E-02,6.53E-02,0.114869626,0.150105708,0.155461593,0.251444679,0.238195913,13740.92333
S0004,0.142757737,0.102581945,8.39E-02,6.24E-02,0.131660868,0.134041384,0.158762131,0.183922359,0.198361998,0.206661207,0.196287196,0.114004914,0.184711985,6.45E-02,1.38E-02,1.37E-02,0.274992839,0.316623699,0.140265444,0.12880741,0.139310608,0.206435596,0.249307744,0.181323403,0.124510646,0.143416404,6.53E-02,2.96E-02,5.71E-02,1.89E-02,0.377009558,2.31E-02,2.60E-03,2.45E-03,1.90E-03,0.516900428,0.175373687,0.112919935,9.52E-02,0.247891076,0.152582507,0.161462187,5.46E-02,2947.367203
S0005,0.112396033,8.37E-02,9.13E-02,0.103055642,0.183738825,0.146510697,0.165691856,0.113630298,0.16427156,0.158904024,0.257828957,5.72E-02,0.297040054,9.10E-02,3.63E-02,1.72E-02,0.355434985,0.303093167,0.145535786,0.1011995,9.48E-02,0.246575707,0.227107104,0.174472725,0.109178436,0.125801218,7.37E-02,4.32E-02,8.01E-02,0.17941134,0.30149111,3.32E-02,1.95E-03,5.75E-03,1.38E-03,0.396717556,2.19E-02,2.29E-02,7.08E-02,0.113448056,0.126377128,0.208777201,0.435855413,12124.74021
S0006,0.124271186,0.106169492,9.15E-02,0.07,0.136271186,0.152271186,0.194949153,0.124610169,0.141471706,0.277194561,0.200959808,0.103379324,0.119676065,4.57E-02,7.90E-03,5.25E-03,0.229728486,0.326461114,0.184721583,0.153704556,0.105384261,0.174321215,0.227887713,0.200460193,0.151311551,0.180487805,4.80E-02,1.76E-02,4.02E-02,2.17E-02,0.171559322,3.24E-02,5.53E-03,1.63E-03,4.54E-03,0.722372881,0.122939746,0.124290732,0.153336936,0.293704404,0.21858957,7.86E-02,8.51E-03,3624.191296
S0007,0.122797273,0.113456198,9.05E-02,6.43E-02,0.122418581,0.143069932,0.191719263,0.151754607,0.10360732,0.16679166,0.181828409,0.103157342,0.203614819,0.102482376,2.28E-02,1.23E-02,0.228354677,0.320712695,0.169404232,0.149846882,0.131611915,0.138571826,0.191745546,0.161400334,0.15388363,0.212834076,0.103702673,3.79E-02,8.14E-02,1.84E-02,0.271389261,3.13E-02,2.55E-03,1.67E-03,1.84E-03,0.591376133,2.30E-02,4.84E-02,8.02E-02,0.11458448,0.209025867,0.368629609,0.156081453,4582.324702
S0008,0.123948172,9.42E-02,0.11785463,0.106720068,0.185526177,0.142483617,0.146998377,8.23E-02,0.342596378,0.203033362,0.279401336,5.04E-02,0.208214104,3.73E-02,9.33E-03,4.05E-03,0.30514434,0.255557065,0.160215492,0.134667331,0.144415773,0.423121614,0.300556838,0.137051624,5.98E-02,5.33E-02,1.75E-02,8.66E-03,0.278332355,3.92E-02,0.589957788,1.15E-02,1.55E-03,2.96E-03,8.31E-04,7.57E-02,2.39E-02,7.12E-02,0.164885149,0.175574255,0.16988856,0.230839209,0.16374801,32736.45597
S0009,0.140008981,0.142373896,0.10549319,6.85E-02,0.11701841,0.146505014,0.186139799,9.39E-02,0.139922727,0.261554262,0.19117719,8.78E-02,0.134102802,6.14E-02,2.01E-02,1.04E-02,0.193511111,0.2832,0.184444444,0.159822222,0.178933333,0.186933333,0.183288889,0.213688889,0.139644444,0.172711111,7.13E-02,3.24E-02,4.84E-02,0.123428332,0.287600287,3.08E-02,4.73E-03,3.14E-03,2.10E-03,0.499790444,7.21E-02,0.383619551,0.31664465,0.131836196,5.28E-02,1.96E-02,2.34E-02,2778.396735
S0010,0.119275488,9.39E-02,0.106699359,8.64E-02,0.145851459,0.137388278,0.182077039,0.128450526,0.259448773,0.140830329,0.21444354,6.70E-02,0.191650192,8.08E-02,3.59E-02,2.05E-02,0.300906641,0.291595197,0.128889978,0.114677775,0.163930409,0.181083068,0.236461652,0.174222004,0.127664788,0.120803725,8.89E-02,7.13E-02,1.67E-02,1.73E-02,0.546777382,1.29E-02,5.77E-03,1.66E-03,7.12E-04,0.398181099,5.85E-02,3.68E-02,2.41E-02,2.83E-02,5.67E-02,0.205066345,0.590470446,3144.97604
S0011,2.45E-02,3.06E-02,2.65E-02,1.22E-02,3.06E-02,5.92E-02,0.324489796,0.489795918,0.290178571,0.310267857,3.35E-02,3.57E-02,5.36E-02,0.015625,0,2.01E-02,0.631410256,0.282051282,4.17E-02,2.24E-02,2.56E-02,0.403846154,0.304487179,0.150641026,8.65E-02,2.88E-02,1.28E-02,3.21E-03,4.29E-02,0.193877551,0.324489796,1.84E-02,2.04E-03,0,0,0.418367347,0,0.153846154,0.384615385,0.384615385,7.69E-02,0,0,117.3353408
S0012,0.166724602,0.128878074,0.114365169,7.34E-02,0.125358477,0.132745285,0.155079517,0.103328409,0.29564705,0.248582161,0.212491714,0.102231715,8.56E-02,2.12E-02,4.49E-03,3.31E-03,0.274452739,0.259774769,0.147285841,0.136403897,0.181829685,0.33164621,0.27597115,0.16791092,9.41E-02,9.81E-02,2.37E-02,8.48E-03,3.07E-02,4.40E-02,0.545952288,2.71E-02,6.74E-03,2.13E-03,2.09E-03,0.34128536,9.52E-02,0.156142004,0.413760603,0.233427584,6.85E-02,2.76E-02,5.34E-03,4978.936751
S0013,0.140148689,0.116352983,0.109001465,7.95E-02,0.141420004,0.137882431,0.162369068,0.113340519,0.203798075,0.219173309,0.222875561,7.82E-02,0.125833007,6.92E-02,1.27E-02,1.66E-02,0.247734395,0.27144914,0.166765478,0.140679258,0.173371729,0.241805708,0.280257474,0.185313797,0.115016516,0.118827814,4.48E-02,1.40E-02,2.01E-02,6.73E-02,0.470054998,2.04E-02,4.89E-03,1.55E-03,2.29E-03,0.413426195,7.06E-02,0.329185005,0.272575505,0.236758233,6.27E-02,2.41E-02,4.10E-03,4355.868194
S0014,0.142612411,0.121208038,6.38E-02,6.84E-02,0.169002156,0.188212196,0.173371574,7.33E-02,4.69E-02,8.37E-02,0.251359863,5.93E-02,0.405324936,0.161093616,6.27E-02,3.56E-02,0.205467839,0.305022783,0.190685599,0.202023948,9.69E-02,8.58E-02,9.02E-02,0.151478224,0.147610469,0.249920526,0.19015577,8.49E-02,0.406228947,1.55E-02,9.62E-02,4.23E-02,8.08E-04,1.85E-03,1.37E-03,0.435660526,2.02E-02,1.40E-02,5.83E-02,6.92E-02,0.109395446,0.365000436,0.363866353,5957.589556
S0015,0.160050978,0.126822293,6.34E-02,5.90E-02,0.163563458,0.192222809,0.174442821,6.06E-02,4.25E-02,9.25E-02,0.251722158,8.17E-02,0.332328741,0.187858783,4.14E-02,4.10E-02,0.16499155,0.291203415,0.207417949,0.224939963,0.111447123,5.07E-02,0.111091346,0.139197723,0.162856889,0.291470248,0.180201014,6.46E-02,0.291629107,2.53E-02,0.107270523,4.44E-02,2.42E-03,2.52E-03,2.02E-03,0.524478568,1.58E-02,1.25E-02,7.19E-02,0.150061652,0.155117139,0.34352651,0.251171393,3244.429751
S0016,0.145634379,0.113900587,0.110430631,8.07E-02,0.131932499,0.132125274,0.172741562,0.112506673,0.226398663,0.277378963,0.20940523,6.73E-02,0.116247323,4.51E-02,1.26E-02,7.25E-03,0.225856698,0.285176532,0.176661475,0.151825891,0.160522672,0.285695742,0.275484597,0.174065421,9.64E-02,0.101462444,4.63E-02,2.06E-02,3.33E-02,6.77E-02,0.293946674,4.67E-02,4.29E-03,2.71E-03,4.49E-03,0.546742,0.142620049,9.83E-02,0.18245187,0.225713653,0.139190086,0.126244744,8.55E-02,6038.231142
S0017,0.110522067,0.111975242,7.17E-02,4.74E-02,0.103363832,0.166926803,0.24467169,0.143353068,1.82E-02,0.121020323,0.146452129,9.92E-02,0.340336295,0.121821024,4.13E-02,2.35E-02,0.212865743,0.365532689,0.169536609,0.162676746,8.94E-02,8.20E-02,0.142797144,0.15399692,0.130617388,0.224345513,0.171706566,9.46E-02,7.51E-02,1.10E-02,0.134264492,3.21E-02,2.10E-03,1.96E-03,1.10E-03,0.74226277,1.42E-02,3.93E-02,3.76E-02,6.48E-02,7.50E-02,0.279035721,0.490044896,4048.766664
S0018,0.135731655,0.127953816,0.106922092,6.85E-02,0.145866979,0.141838837,0.162462178,0.110820293,0.231722063,0.261155514,0.231751556,9.23E-02,0.129147374,5.30E-02,9.17E-03,8.67E-03,0.171167378,0.23515968,0.189751609,0.182895291,0.221086185,0.180188849,0.229265652,0.190413183,0.147350695,0.160221327,6.43E-02,2.82E-02,6.61E-02,2.02E-02,0.714466039,8.63E-03,1.87E-03,1.26E-03,1.45E-03,0.186037014,1.41E-02,4.73E-02,7.57E-02,0.150967443,0.183524505,0.336925038,0.191518943,7755.708779
S0019,0.171342102,0.149031933,0.105886005,6.62E-02,0.124510146,0.120630117,0.157218795,0.1052652,0.271030565,0.3188396,0.21700027,6.21E-02,4.64E-02,1.82E-02,2.57E-03,1.49E-03,0.187991512,0.257895394,0.168643116,0.157034078,0.228685557,0.320933716,0.29858944,0.179378355,8.89E-02,8.01E-02,2.47E-02,7.36E-03,1.38E-02,5.45E-02,0.46312032,2.01E-02,4.69E-03,1.44E-03,2.29E-03,0.440034144,0.280694327,0.457662997,0.164055885,8.21E-02,1.16E-02,3.81E-03,0,2112.99079
S0020,0.110470523,9.94E-02,9.35E-02,6.88E-02,0.122466059,0.139854938,0.219360238,0.146085178,0.218766684,0.149225841,0.175787507,6.27E-02,0.204217832,6.06E-02,3.18E-02,1.91E-02,0.252918288,0.335927367,0.15771725,0.114137484,0.139299611,0.208300908,0.225162127,0.153566796,0.128923476,0.153566796,8.25E-02,4.72E-02,2.32E-02,5.67E-03,0.46517251,1.39E-02,3.25E-03,1.58E-03,8.37E-04,0.486375895,1.52E-02,4.44E-02,4.08E-02,1.25E-02,6.11E-02,0.333855799,0.492163009,4219.76529
S0021,7.25E-02,5.29E-02,7.78E-02,0.116366926,0.197098367,0.151494468,0.182891792,0.148954745,4.94E-02,0.108207171,0.247350598,4.80E-02,0.373665339,0.161653386,7.02E-02,3.82E-02,0.494316491,0.314199845,0.106379813,6.00E-02,2.51E-02,0.220555853,0.173004821,0.168928168,0.11548533,0.156400643,9.48E-02,7.09E-02,9.64E-02,3.94E-02,0.121101005,3.68E-02,1.44E-03,3.48E-03,1.21E-03,0.700160325,2.73E-02,1.01E-02,4.41E-02,4.67E-02,7.46E-02,0.268367347,0.528826531,12566.81284
S0022,0.131172408,0.131851024,8.99E-02,6.35E-02,0.123667718,0.16454433,0.200750469,9.46E-02,7.79E-02,0.201776571,0.191104805,0.114058355,0.223613596,8.80E-02,1.83E-02,1.63E-02,0.158169935,0.295424837,0.212240048,0.191919192,0.142245989,0.10802139,0.17409388,0.195127748,0.155912062,0.223767083,0.111467617,3.15E-02,0.118792911,1.89E-02,0.204414817,3.39E-02,3.35E-03,1.80E-03,2.43E-03,0.616437809,6.90E-02,5.48E-02,5.90E-02,0.169680851,0.218439716,0.307624113,0.121453901,2989.21977
S0023,0.109028603,0.10241975,8.66E-02,6.70E-02,0.130533604,0.161637177,0.19712917,0.145674523,8.11E-02,0.186500623,0.185952677,9.59E-02,0.228393524,9.04E-02,2.99E-02,1.23E-02,0.237369833,0.347278432,0.16929653,0.15138011,9.47E-02,0.109317448,0.184439089,0.188258833,0.143786094,0.218089218,0.109590287,4.65E-02,0.116789342,1.04E-02,0.161546934,3.46E-02,3.16E-03,2.15E-03,3.86E-03,0.667500044,6.55E-02,1.84E-02,7.99E-02,8.30E-02,8.79E-02,0.47934441,0.185975153,6000.987473
S0024,0.122707802,0.121961785,0.101674929,5.97E-02,0.129734803,0.148577754,0.181619098,0.134042451,0.10101977,0.244339727,0.198468505,9.88E-02,0.171777786,5.51E-02,1.66E-02,5.23E-03,0.185487396,0.277793968,0.177691971,0.184103162,0.174923503,0.128660935,0.187891593,0.19473991,0.159478362,0.219146146,7.81E-02,3.19E-02,5.19E-02,1.08E-02,0.518626366,1.35E-02,2.29E-03,1.06E-03,9.39E-04,0.400924099,3.14E-02,2.23E-02,7.90E-02,0.225684796,0.263199682,0.332969432,4.55E-02,6608.159201
S0025,0.130080722,0.117640076,9.86E-02,7.19E-02,0.136633428,0.148148148,0.175783476,0.121225071,0.162356531,0.193266018,0.209029493,7.16E-02,0.24629522,7.49E-02,2.02E-02,1.37E-02,0.155890102,0.299284908,0.177945051,0.174783591,0.192171622,0.129469326,0.184569063,0.202408732,0.149943545,0.19736545,9.73E-02,3.91E-02,0.103822412,1.37E-02,0.383760684,1.96E-02,2.80E-03,1.35E-03,2.45E-03,0.472578348,5.84E-02,1.86E-02,6.77E-02,0.145062074,0.18543787,0.389441897,0.135443463,4423.59734
S0026,0.103920955,0.126917858,7.42E-02,5.05E-02,0.110392095,0.172111471,0.222593327,0.139338274,6.96E-02,0.149829796,0.158840609,7.37E-02,0.299409291,0.119293152,4.94E-02,3.46E-02,0.251672624,0.281642379,0.184859316,0.190083402,9.17E-02,0.144441389,0.163871323,0.162863166,0.122811841,0.199340115,0.121895335,8.50E-02,0.232342913,6.99E-03,0.114327465,2.78E-02,1.36E-03,1.64E-03,5.91E-04,0.614918934,2.72E-02,4.59E-02,5.46E-02,0.114596671,7.76E-02,0.329385403,0.350672215,4717.305979
S0027,8.81E-02,0.115883669,8.01E-02,3.36E-02,6.98E-02,0.152796421,0.279418345,0.179642058,2.81E-02,0.124726477,9.75E-02,5.13E-02,0.337918099,0.133166615,5.60E-02,4.75E-02,0.265131227,0.342795929,0.180503482,0.128548473,8.30E-02,0.101231923,0.129619711,8.68E-02,0.102838779,0.203535083,0.176754151,0.199250134,2.19E-02,8.73E-03,6.51E-02,2.80E-02,1.34E-03,1.34E-03,1.12E-03,0.872454688,5.36E-02,5.73E-02,2.94E-03,3.60E-02,7.35E-02,0.129316679,0.647318148,1221.336675
S0028,0.139459117,0.118411948,0.108061354,6.63E-02,0.130521278,0.149665552,0.172240803,0.115413447,0.145955531,0.190560633,0.205838221,0.085754558,0.235574956,6.31E-02,1.69E-02,8.41E-03,0.235034763,0.274631168,0.161098864,0.169492963,0.159742242,0.163981686,0.150754621,0.169323385,0.13125318,0.225707987,0.115652026,4.32E-02,9.13E-02,2.13E-02,0.345240155,2.27E-02,2.42E-03,2.68E-03,6.92E-04,0.513665456,4.21E-02,6.97E-02,0.134727557,0.308151942,0.179826433,0.215962441,4.95E-02,4554.808389
S0029,0.14771052,0.126669645,0.112106321,7.42E-02,0.115546125,0.133549252,0.171990172,0.118226491,0.17608941,0.251993156,0.18832138,8.97E-02,0.125960173,4.88E-02,1.51E-02,9.79E-03,0.260699641,0.274346489,0.164146591,0.139543824,0.161327524,0.250896976,0.2345592,0.206752947,0.116670938,0.121348027,5.11E-02,1.86E-02,4.69E-02,0.179901271,0.317206102,3.19E-02,4.76E-03,3.95E-03,1.81E-03,0.413545087,8.25E-02,0.552375077,0.239481801,7.96E-02,2.89E-02,7.03E-03,1.01E-02,3829.222369
S0030,0.132087729,0.108516101,8.29E-02,5.68E-02,0.103133603,0.103783215,0.156772976,0.256008909,0.190635146,0.348804243,0.152453244,5.49E-02,8.03E-02,3.17E-02,5.81E-03,7.96E-03,0.337278107,0.326192795,0.114747959,9.84E-02,0.123286645,0.387311812,0.300052431,0.152423039,7.61E-02,5.53E-02,1.79E-02,1.09E-02,2.90E-02,6.11E-02,0.337014353,2.48E-02,7.08E-03,1.36E-03,2.97E-03,0.536686464,0.498336897,0.336184367,0.118436683,3.49E-02,6.65E-03,2.49E-03,2.97E-03,3640.032385
S0031,0.168031828,0.137023169,0.105078399,7.99E-02,0.141118652,0.1398315,0.156213433,7.27E-02,0.246230159,0.296230159,0.239285714,5.54E-02,0.108730159,3.55E-02,4.37E-03,2.98E-03,0.172630751,0.258356272,0.164372788,0.167125442,0.237514746,0.252457727,0.264254817,0.168698388,0.123476209,0.127015336,4.80E-02,1.65E-02,5.20E-02,4.76E-02,0.472501755,2.55E-02,4.91E-03,1.76E-03,2.69E-03,0.39304938,0.130604288,0.363222872,0.252111761,0.132553606,7.86E-02,3.31E-02,9.75E-03,1784.926362
S0032,0.158529752,0.130887901,0.105375219,8.06E-02,0.157110306,0.152291659,0.151171043,6.41E-02,0.129058141,0.261757808,0.259597581,0.126218985,0.168189112,4.43E-02,1.09E-02,6.30E-03,0.18569807,0.265039728,0.187741203,0.182973893,0.17877412,0.12553916,0.184790011,0.204880817,0.170488082,0.203405221,7.83E-02,3.27E-02,8.53E-02,7.40E-02,0.389758339,2.95E-02,3.06E-03,2.58E-03,1.72E-03,0.414036529,9.29E-02,0.120689655,0.173309449,0.262203314,0.18562472,0.147111509,1.81E-02,4134.749642
S0033,0.105939583,0.135337217,8.54E-02,4.71E-02,0.104348087,0.161341661,0.207615158,0.152843673,7.55E-02,0.141283504,0.154974803,8.50E-02,0.276947777,0.123177095,3.60E-02,1.20E-02,0.195526997,0.314695819,0.192272386,0.182258199,0.115163148,0.12117166,0.154886089,0.181423684,0.137361262,0.221313527,0.124092464,5.97E-02,0.114557684,2.34E-02,0.195363642,3.28E-02,2.19E-03,2.85E-03,3.66E-03,0.625157648,5.42E-02,6.00E-02,3.32E-02,9.59E-02,0.138312912,0.296536287,0.321866164,4736.269567
S0034,0.102799149,0.107709936,7.41E-02,4.73E-02,9.79E-02,0.142085448,0.247831069,0.180307743,0.12228323,0.189315946,0.136810798,5.67E-02,0.191718142,0.107412491,3.44E-02,1.91E-02,0.291598361,0.337704918,0.148565574,0.123770492,9.84E-02,0.217622951,0.226844262,0.180327869,0.120491803,0.146106557,7.58E-02,3.34E-02,1.69E-02,5.16E-03,0.224341136,1.77E-02,5.89E-03,2.29E-03,2.46E-04,0.727451301,0.157419355,0.104193548,6.71E-02,0.155483871,0.124516129,0.212580645,0.178709677,1664.744627
S0035,0.128795262,0.119824075,0.100532274,7.34E-02,0.135242522,0.141015069,0.177349626,0.123872354,0.154430963,0.230225772,0.207802181,9.00E-02,0.152779911,5.49E-02,1.18E-02,9.56E-03,0.225086274,0.298823861,0.183322769,0.154377069,0.138390027,0.222550884,0.258046341,0.183886189,0.122755124,0.148531587,5.04E-02,1.39E-02,6.09E-02,7.12E-02,0.414748732,2.15E-02,2.72E-03,2.17E-03,1.95E-03,0.424744484,8.35E-02,0.132913934,0.221924776,0.190871369,0.244010173,0.103199036,2.36E-02,5280.440644
S0036,0.152045366,0.123206669,8.55E-02,6.21E-02,0.141236914,0.137650252,0.178848391,0.119377666,0.177295822,0.238189126,0.220975203,7.58E-02,0.12588155,6.67E-02,9.18E-03,4.85E-03,0.234693878,0.282312925,0.163123583,0.166950113,0.152777778,0.278911565,0.24914966,0.155470522,0.115646259,0.128968254,5.34E-02,1.84E-02,3.74E-02,1.78E-02,0.292084727,2.35E-02,4.75E-03,1.79E-03,1.55E-03,0.621201105,0.276707164,0.207163804,0.210724759,0.209467951,6.64E-02,2.62E-02,3.35E-03,2842.339247
S0037,0.199712401,0.13838606,3.74E-02,4.03E-02,0.16799188,0.235916089,0.141684994,3.89E-02,1.79E-02,4.97E-02,0.268959913,6.88E-02,0.349404117,0.206392199,7.19E-02,0.131500542,0.153225806,0.247731855,0.211189516,0.26108871,0.126764113,5.37E-02,7.91E-02,7.21E-02,0.127268145,0.278225806,0.238659274,0.151461694,0.298680426,8.63E-03,7.16E-02,3.83E-02,1.10E-03,3.30E-03,7.61E-04,0.577651836,1.98E-02,3.56E-02,0,0,1.29E-02,0.122424242,0.809292929,3188.414914
S0038,0.126960201,0.119238397,8.43E-02,5.97E-02,0.134523337,0.164246992,0.201190004,0.109797699,7.65E-02,0.222832313,0.200948055,0.118467312,0.218052538,5.21E-02,1.72E-02,7.39E-03,0.197293992,0.292004281,0.196147378,0.182464455,0.132166335,0.12161749,0.178489528,0.166794068,0.150588595,0.233526984,0.112903226,3.61E-02,0.102316602,1.32E-02,0.220976358,2.89E-02,2.72E-03,1.51E-03,1.00E-03,0.62939652,4.01E-02,4.61E-02,0.109306225,0.205407671,0.212848459,0.303290715,8.29E-02,4422.129922
S0039,0.141565182,0.110186184,9.83E-02,7.18E-02,0.146909203,0.146600894,0.177705839,0.106897556,0.265674002,0.243694821,0.226037686,7.57E-02,0.1279747,4.21E-02,1.11E-02,5.19E-03,0.296770038,0.279976074,0.161130027,0.132557284,0.129612589,0.292352995,0.232952977,0.182847152,0.112082451,0.118247907,4.02E-02,2.15E-02,4.04E-02,6.53E-02,0.547846193,2.49E-02,3.31E-03,2.64E-03,3.89E-03,0.311689646,3.06E-02,3.77E-02,0.157515879,0.179534227,0.206633733,0.282709951,0.105292872,11258.50107
S0040,0.150104284,0.124995989,0.104107172,7.29E-02,0.141087759,0.141280282,0.170399487,9.52E-02,0.218607055,0.211681096,0.227264504,9.09E-02,0.167644399,4.60E-02,6.20E-03,6.23E-03,0.239036594,0.250122633,0.164475621,0.151967036,0.194398116,0.245315413,0.245707839,0.188413617,0.101932699,0.13298342,5.85E-02,2.71E-02,0.14237125,0.170447618,0.429472164,2.82E-02,2.71E-03,2.02E-03,1.75E-02,0.207299856,5.67E-02,5.34E-02,0.16023225,0.241927269,0.201894673,0.204848732,8.10E-02,9720.437981
S0041,0.137484781,0.13157378,0.106456934,6.76E-02,0.136404697,0.135815561,0.169828365,0.114861946,0.252130436,0.227319896,0.218420804,6.75E-02,0.172227288,6.07E-02,1.52E-02,1.36E-02,0.129874881,0.216580083,0.171215336,0.187385674,0.294870857,0.179117582,0.204360869,0.232604083,0.131704105,0.175678642,5.35E-02,2.30E-02,0.248109817,4.32E-02,0.586378901,1.39E-02,2.20E-03,1.45E-03,3.16E-03,0.101608374,3.45E-02,2.98E-02,0.167330237,0.272506083,0.213005972,0.228268082,5.46E-02,6798.081015
S0042,0.126417214,0.117939464,9.64E-02,6.14E-02,0.120424909,0.151203568,0.204419325,0.121888938,0.135044412,0.297252634,0.182658542,9.78E-02,0.105969841,4.18E-02,7.85E-03,5.11E-03,0.193516209,0.311022444,0.185935162,0.159700748,0.149825436,0.202693267,0.21446384,0.215162095,0.141047382,0.149326683,5.85E-02,1.88E-02,2.64E-02,3.22E-02,0.221798495,3.28E-02,5.92E-03,8.51E-04,2.93E-03,0.677108516,0.193459658,6.56E-02,0.106968215,0.270629584,0.219743276,0.127139364,1.65E-02,4005.298006
S0043,0.119961052,0.125052163,8.18E-02,5.47E-02,0.114508277,0.168563082,0.20893031,0.126415357,8.80E-02,0.183403587,0.170096702,8.45E-02,0.277006364,0.113232499,2.90E-02,1.71E-02,0.203238414,0.311717317,0.1796283,0.175640105,0.1296961,0.117970806,0.17021616,0.144771476,0.128738933,0.225731834,0.148281088,6.40E-02,7.02E-02,1.08E-02,0.223001168,2.40E-02,1.92E-03,2.06E-03,1.34E-03,0.666777945,2.91E-02,1.94E-02,8.67E-02,9.60E-02,9.25E-02,0.372953102,0.30344213,3324.162505
S0044,0.106057042,9.43E-02,9.32E-02,7.39E-02,0.131020288,0.155983534,0.226992061,0.118641576,0.184875349,0.210388313,0.185458026,0.100595164,0.151163275,6.46E-02,1.44E-02,1.22E-02,0.24240683,0.28263011,0.183549499,0.162534888,0.128796585,0.19922837,0.229683139,0.239041208,0.116237071,0.139714333,5.31E-02,2.31E-02,8.99E-02,1.53E-02,0.286541798,3.02E-02,2.47E-03,2.56E-03,5.88E-04,0.572348496,3.42E-02,4.24E-02,0.167612788,0.259635494,0.253958769,0.195996415,4.62E-02,7187.482605
S0045,0.115581938,0.13239347,0.104176383,5.87E-02,0.121390714,0.15997456,0.212889548,9.49E-02,5.97E-02,0.238456756,0.187375241,0.114107137,0.195425243,6.28E-02,2.91E-02,1.04E-02,0.179935805,0.276606457,0.198627982,0.19548115,0.149348606,0.115551639,0.173075713,0.196110517,0.154383536,0.225879539,9.86E-02,3.64E-02,8.48E-02,7.36E-02,0.309893791,3.00E-02,2.35E-03,1.72E-03,1.74E-03,0.495876704,7.84E-02,6.35E-02,0.168115438,0.299026426,0.204450626,0.144558414,4.19E-02,4961.78878
S0046,0.112411359,8.87E-02,0.155054536,9.37E-02,0.148249436,0.141348936,0.165707381,9.49E-02,0.125818002,0.156315595,0.230250648,8.27E-02,0.226348932,9.72E-02,2.29E-02,1.79E-02,0.290429313,0.326865733,0.164086434,0.120910094,9.77E-02,0.19223071,0.238919979,0.189167109,0.130958703,0.143253952,7.03E-02,3.51E-02,0.132210774,9.34E-02,0.277364371,3.81E-02,2.93E-03,3.51E-03,3.99E-03,0.448499014,1.92E-02,2.83E-02,9.57E-02,0.147752864,0.25947322,0.344169196,0.105453833,8112.435628
S0047,0.130125631,0.138120326,0.103415245,6.64E-02,0.133441403,0.168735954,0.183288509,7.65E-02,0.105534709,0.171962946,0.212359287,9.87E-02,0.255452627,7.72E-02,1.64E-02,1.92E-02,0.148647052,0.247666312,0.195793454,0.216944346,0.190948836,0.106936075,0.162471937,0.176414983,0.176060499,0.238686045,0.111308047,2.80E-02,0.196043033,3.41E-02,0.378785646,2.28E-02,2.54E-03,2.03E-03,1.18E-03,0.362464078,3.36E-02,7.11E-02,0.134112681,0.26010716,0.236077285,0.237051469,2.79E-02,3218.508294
S0048,0.140047559,0.123345923,0.115624563,7.01E-02,0.130731571,0.150846272,0.170205623,9.90E-02,0.14074608,0.204811678,0.210533429,9.86E-02,0.177419355,7.47E-02,9.91E-03,7.97E-03,0.178632043,0.306602172,0.183723693,0.168957909,0.161999321,0.120502376,0.180838425,0.205872369,0.183978276,0.205872369,7.84E-02,2.45E-02,8.67E-02,5.46E-02,0.324054387,3.95E-02,2.94E-03,1.96E-03,1.21E-02,0.478094226,1.74E-02,4.91E-02,0.170750383,0.347881572,0.256380807,0.138335886,2.02E-02,4563.391532
S0049,0.140967293,0.116462317,9.38E-02,7.71E-02,0.148014808,0.148558231,0.163468397,0.111605475,0.178262918,0.171875818,0.228155594,7.33E-02,0.243285692,7.57E-02,2.65E-02,1.58E-02,0.209970944,0.292348473,0.167099964,0.159708416,0.170872203,0.141255034,0.202324514,0.208594586,0.128205128,0.174083703,9.97E-02,4.60E-02,0.130230268,1.73E-02,0.413751528,2.17E-02,2.34E-03,2.28E-03,3.50E-03,0.408911833,2.81E-02,4.98E-02,0.143866282,0.104367725,0.124763705,0.34523928,0.203860312,6527.072448
S0050,0.105308256,0.131785271,5.53E-02,2.51E-02,7.42E-02,0.173385887,0.216700227,0.218371107,1.97E-02,6.76E-02,0.104794769,6.49E-02,0.349073738,0.231989345,8.29E-02,5.33E-02,0.189856221,0.348579192,0.18419563,0.190195856,8.72E-02,8.79E-02,0.111174007,0.124419789,0.131212499,0.230612476,0.191441186,0.123400883,0.349685103,0.018551048,6.51E-02,3.88E-02,1.29E-03,1.76E-03,1.03E-03,0.523842166,1.92E-02,3.12E-02,1.61E-02,3.32E-02,3.88E-02,0.128347724,0.733206498,4077.557207
S0051,0.110761715,0.130331022,0.086700171,4.69E-02,0.1009911,0.175478002,0.225594519,0.123255749,4.51E-02,0.154784279,0.150231801,8.68E-02,0.313202189,0.121329825,3.30E-02,2.28E-02,0.158184658,0.314478336,0.192386747,0.208336759,0.126531283,7.47E-02,0.111650086,0.132533092,0.133026392,0.277891967,0.196990874,7.32E-02,9.33E-02,1.12E-02,0.151379882,3.59E-02,1.32E-03,2.13E-03,1.68E-03,0.703051742,1.37E-02,1.22E-02,6.23E-02,5.49E-02,0.135271808,0.375052676,0.34660767,4007.307716
S0052,0.106195906,0.154073362,7.47E-02,3.70E-02,8.00E-02,0.159774694,0.239936805,0.148234648,8.67E-02,9.74E-02,0.12035124,5.80E-02,0.274173554,0.173140496,0.102066116,4.83E-02,0.161821508,0.300467575,0.186420004,0.207562513,0.1437284,9.82E-02,0.127464932,0.103476316,0.11099817,0.194348445,0.194145151,0.171173003,0.224718329,7.74E-02,0.13946139,2.71E-02,4.81E-04,2.13E-03,2.75E-04,0.52844188,2.16E-02,5.14E-02,3.79E-02,7.23E-02,4.75E-02,0.142119498,0.627243669,2615.520614
S0053,0.156436034,0.133136211,0.116656811,0.072107234,0.114803864,0.124778238,0.168657599,0.113384585,0.329061815,0.226678175,0.193347055,8.64E-02,9.26E-02,0.041564305,7.57E-03,2.66E-03,0.218547103,0.239127772,0.180693373,0.164155335,0.197598922,0.402303075,0.241577851,0.158642656,8.67E-02,8.17E-02,1.91E-02,9.80E-03,1.55E-02,1.92E-02,0.81778759,6.39E-03,3.04E-03,1.46E-03,3.15E-04,0.136363636,0.209591474,0.510657194,0.212551806,3.58E-02,7.10E-03,4.74E-03,1.95E-02,4045.799676
S0054,0.1241618,0.120873891,8.84E-02,6.26E-02,0.132359939,0.161453602,0.201384382,0.108803807,7.48E-02,0.241303219,0.19856568,0.110462098,0.210475078,5.52E-02,1.32E-02,7.79E-03,0.170722311,0.297335474,0.19505618,0.186067416,0.150754414,0.111332263,0.163788122,0.160898876,0.167126806,0.242054575,0.118266453,3.65E-02,9.02E-02,1.28E-02,0.230872396,2.67E-02,2.60E-03,1.99E-03,8.65E-04,0.633909451,2.11E-02,1.72E-02,9.79E-02,0.211025128,0.196243805,0.37822798,7.83E-02,4747.199407
S0055,0.157188965,0.120302774,0.113790056,8.34E-02,0.140244371,0.12777607,0.142876354,0.114481672,0.306981001,0.224263081,0.230385659,0.107208231,0.111500347,3.22E-02,6.34E-03,1.51E-03,0.243949779,0.255837933,0.147024929,0.136289198,0.216898162,0.245526779,0.289622127,0.203433008,0.110814581,0.103960696,3.49E-02,1.17E-02,5.67E-02,2.18E-02,0.525090294,1.85E-02,4.48E-03,1.02E-03,2.25E-03,0.370225928,4.37E-02,0.126312802,0.243826284,0.298751064,0.184217996,9.62E-02,6.95E-03,5478.992236
S0056,0.126571127,0.106484201,8.68E-02,5.82E-02,0.111535299,0.135439915,0.190355926,0.18454129,0.158044736,0.207012695,0.1640038,9.26E-02,0.186199154,5.82E-02,2.82E-02,1.52E-02,0.293355482,0.317275748,0.128571429,0.109800664,0.150996678,0.193687708,0.224584718,0.181727575,0.113621262,0.148671096,8.36E-02,5.43E-02,2.28E-02,4.17E-03,0.411360432,1.61E-02,5.11E-03,1.12E-03,7.64E-04,0.538592575,7.78E-02,0.189099284,7.29E-02,0.111821904,0.110798362,0.224155578,0.213408393,3227.222395
S0057,0.140576273,0.121101871,0.105022089,7.44E-02,0.143451143,0.144441918,0.173060681,9.80E-02,0.297589125,0.195639908,0.22651962,5.18E-02,0.128135419,4.18E-02,7.69E-03,2.33E-03,0.2895886,0.243254424,0.167869455,0.132153528,0.167133992,0.313858883,0.274005976,0.191863939,9.17E-02,8.01E-02,3.21E-02,1.65E-02,1.60E-02,0.447440229,0.48327053,1.53E-02,2.14E-03,3.20E-03,1.74E-03,3.09E-02,2.19E-02,4.18E-02,0.256208005,0.285714286,0.191352615,0.175284838,2.78E-02,10605.82159
S0058,0.130477917,0.120830625,9.89E-02,6.90E-02,0.138876535,0.159813212,0.183435394,9.86E-02,0.105272857,0.243162134,0.213731013,0.102377129,0.193750494,5.30E-02,1.11E-02,6.40E-03,0.149854324,0.276785223,0.195646199,0.193832115,0.183937112,0.111043923,0.154526964,0.182123028,0.181738222,0.239569018,0.100379308,3.05E-02,8.26E-02,1.25E-02,0.291876914,2.78E-02,3.08E-03,2.67E-03,1.28E-03,0.578194756,1.64E-02,2.26E-02,8.17E-02,0.236295743,0.203286034,0.38334578,5.65E-02,5168.29979
S0059,0.145480096,0.115417449,0.114813307,8.15E-02,0.133384116,0.136417961,0.17017113,0.102835529,0.206025288,0.307638903,0.213662087,7.57E-02,8.40E-02,2.54E-02,5.58E-03,3.81E-03,0.240601219,0.278650664,0.177488358,0.14663234,0.156551698,0.293681142,0.278272063,0.190966569,0.106500587,9.36E-02,2.80E-02,8.90E-03,3.02E-02,6.31E-02,0.28741414,4.54E-02,4.87E-03,2.38E-03,4.44E-03,0.562167558,0.215977175,9.33E-02,0.144650499,0.285592011,0.161388493,8.76E-02,1.15E-02,7055.294865
S0060,0.160361496,0.123851558,0.108629076,8.26E-02,0.142917192,0.137062391,0.154476671,9.01E-02,0.260063297,0.224359608,0.235387202,0.112105628,0.147463159,3.23E-02,1.03E-02,4.30E-03,0.200626959,0.261755486,0.160266458,0.150274295,0.227076803,0.219729624,0.282621473,0.178095611,0.104721787,0.141359718,5.51E-02,1.82E-02,4.30E-02,2.03E-02,0.526827804,1.82E-02,4.77E-03,1.47E-03,2.19E-03,0.383215733,4.60E-02,3.20E-02,0.212523719,0.371705672,0.139995783,0.14589922,5.19E-02,3908.964517
S0061,0.140052356,0.108965969,9.42E-02,6.56E-02,0.118673647,0.116819372,0.185754799,0.169829843,0.15166113,0.318936877,0.180730897,6.05E-02,7.29E-02,3.65E-02,2.34E-02,2.82E-03,0.30506156,0.32995896,0.145280438,0.109439124,0.110533516,0.328864569,0.308071135,0.167989056,0.104514364,0.067031464,1.67E-02,7.66E-03,2.18E-02,3.28E-02,0.196356496,2.54E-02,8.84E-03,1.20E-03,2.29E-03,0.711246864,0.220412075,0.407762338,0.290368951,0.045040728,9.58E-03,1.87E-02,8.15E-03,1224.382079
S0062,0.181192661,0.113818807,6.05E-02,5.10E-02,0.181479358,0.144208716,0.162844037,0.104357798,0.107699154,0.214508233,0.281708945,9.97E-02,0.193146417,7.17E-02,8.01E-03,7.57E-03,0.151885831,0.292558614,0.153924567,0.212028542,0.189602446,9.99E-02,0.106014271,0.205912334,0.176350663,0.251783894,0.121304791,4.08E-02,0.151046145,5.67E-02,0.268271711,2.92E-02,3.73E-03,1.72E-03,6.31E-03,0.482946403,0.149411765,9.18E-02,0.270588235,0.222352941,0.150588235,9.29E-02,2.24E-02,992.0565581
S0063,8.77E-02,7.32E-02,9.86E-02,0.111058377,0.190544505,0.15188549,0.169273418,0.117724468,0.217308337,0.180920334,0.257323486,6.99E-02,0.249268016,6.58E-02,2.63E-02,7.97E-03,0.389477151,0.291113588,0.133726821,0.100542102,8.52E-02,0.365209241,0.245237613,0.152396393,8.13E-02,8.61E-02,4.35E-02,2.63E-02,0.146167039,3.19E-02,0.399195332,2.30E-02,1.83E-03,2.64E-03,7.33E-04,0.394524803,0.01504,0.0392,0.06048,0.16032,0.1296,0.20608,0.38928,18897.88706
S0064,0.105599568,9.93E-02,0.180716601,8.07E-02,0.128592006,0.127997839,0.165682391,0.111397191,0.167751011,0.187298517,0.209307778,7.50E-02,0.226246996,7.68E-02,2.35E-02,1.61E-02,0.228750275,0.286734022,0.173072699,0.150779706,0.16060839,0.201570393,0.232154623,0.180979574,0.11948166,0.15297606,7.42E-02,3.87E-02,0.173136478,5.86E-02,0.377565718,2.84E-02,1.89E-03,3.58E-03,1.60E-03,0.355167447,2.69E-02,4.92E-02,8.64E-02,0.188265188,0.263109263,0.283783784,0.102333102,6538.192913
S0065,0.109504692,0.11415975,0.102460531,6.11E-02,0.114824758,0.139430063,0.194945937,0.16364129,0.112426901,0.21871345,0.170394737,7.64E-02,0.200511696,9.16E-02,1.60E-02,2.45E-02,0.248725369,0.30687612,0.165013091,0.145514675,0.133801846,0.193675072,0.195466446,0.186716274,0.137453493,0.175899132,8.63E-02,2.45E-02,7.85E-02,5.86E-02,0.359612827,2.52E-02,3.23E-03,2.49E-03,1.85E-03,0.470494064,0.156471677,8.90E-02,0.139405778,0.160789555,0.201295363,0.210342346,4.27E-02,4948.745486
S0066,0.134610465,0.117272546,0.140010801,7.54E-02,0.128329023,0.129949123,0.16209533,0.112326976,0.169346546,0.186921567,0.211040479,9.13E-02,0.152706366,9.85E-02,1.92E-02,2.06E-02,0.271541311,0.289177001,0.162264455,0.134562732,0.14253503,0.259220486,0.277580931,0.188597198,0.115074891,9.74E-02,4.61E-02,1.59E-02,6.09E-02,6.00E-02,0.394047924,2.64E-02,3.52E-03,1.73E-03,3.58E-03,0.449873511,5.60E-02,0.252304147,0.315832785,0.266951942,6.14E-02,3.74E-02,1.02E-02,3386.016881
S0067,0.128691983,0.118024937,9.92E-02,7.27E-02,0.140022756,0.156710757,0.178471531,0.106220073,0.111070846,0.22920819,0.214060518,9.78E-02,0.198804131,6.06E-02,1.37E-02,6.89E-03,0.185040509,0.283637153,0.187789352,0.176070602,0.167534722,0.126374421,0.16833044,0.179253472,0.177300347,0.214916088,9.70E-02,3.70E-02,8.09E-02,1.33E-02,0.292378808,2.81E-02,3.46E-03,2.77E-03,1.28E-03,0.577717198,1.60E-02,2.05E-02,8.76E-02,0.228401084,0.187642276,0.359457995,0.100379404,4230.086749
S0068,0.100761322,0.10065144,9.14E-02,8.12E-02,0.155027078,0.160191508,0.178117887,0.132626952,0.16194979,0.186810504,0.219218219,8.82E-02,0.232825021,7.79E-02,1.24E-02,9.21E-03,0.298328603,0.292731,0.168479975,0.147784611,9.26E-02,0.218148849,0.225520341,0.191185746,0.125197099,0.145853043,6.42E-02,2.99E-02,0.121876177,2.31E-02,0.274551049,3.03E-02,1.74E-03,2.59E-03,8.95E-04,0.54489514,1.85E-02,2.57E-02,5.46E-02,0.139114161,0.189644417,0.396548139,0.17592015,8173.434041
S0069,0.123393162,9.54E-02,7.67E-02,5.84E-02,0.131693285,0.150900428,0.206903784,0.156473796,0.140371773,0.210983028,0.186949679,8.90E-02,0.194563784,7.87E-02,2.28E-02,1.11E-02,0.28502523,0.334223805,0.162882161,0.129934699,8.79E-02,0.161323835,0.180543188,0.198946275,0.14084298,0.185811814,8.70E-02,4.56E-02,4.65E-02,4.25E-02,0.347505618,3.22E-02,3.21E-03,2.85E-03,2.76E-03,0.522486891,2.32E-02,3.05E-02,0.131935709,0.125366876,0.148427673,0.285674354,0.254926625,8009.700608
S0070,0.150104284,0.124995989,0.104107172,7.29E-02,0.141087759,0.141280282,0.170399487,9.52E-02,0.218607055,0.211681096,0.227264504,9.09E-02,0.167644399,4.60E-02,6.20E-03,6.23E-03,0.239036594,0.250122633,0.164475621,0.151967036,0.194398116,0.245315413,0.245707839,0.188413617,0.101932699,0.13298342,5.85E-02,2.71E-02,0.14237125,0.170447618,0.429472164,2.82E-02,2.71E-03,2.02E-03,1.75E-02,0.207299856,5.67E-02,5.34E-02,0.16023225,0.241927269,0.201894673,0.204848732,8.10E-02,9720.437981
S0071,0.174457333,0.126851958,0.112667968,7.76E-02,0.118525324,0.123521305,0.159526818,0.106753187,0.198530132,0.315727585,0.202253797,6.99E-02,3.66E-02,4.20E-02,8.43E-03,8.62E-03,0.270511391,0.273697626,0.170463597,0.126015613,0.159311773,0.36115979,0.242950454,0.176198821,0.107057512,9.45E-02,1.39E-02,3.98E-03,2.61E-02,0.147459087,0.446396784,3.75E-02,1.22E-02,8.61E-04,8.84E-03,0.320643124,0.434045439,0.417429637,0.125805358,1.12E-02,6.78E-04,6.78E-04,1.02E-02,2885.765082
S0072,0.165828011,0.131539901,0.113702342,7.39E-02,0.126185407,0.133120444,0.158441391,9.73E-02,0.281888384,0.260967194,0.214250507,0.100936524,7.85E-02,2.16E-02,4.66E-03,3.78E-03,0.249856679,0.257691573,0.155646856,0.14599656,0.190712784,0.298968087,0.265335372,0.182017963,0.113414867,0.106535448,2.34E-02,1.01E-02,3.28E-02,0.04312625,0.549254887,2.62E-02,6.81E-03,1.94E-03,2.29E-03,0.337623379,0.133700441,0.117621145,0.362114537,0.246475771,9.25E-02,4.30E-02,4.63E-03,7058.249667
S0073,0.107920021,0.1056349,0.101584004,6.89E-02,0.109633861,0.141573617,0.189924695,0.174759803,0.115273775,0.150993478,0.160094039,8.08E-02,0.210602154,0.127862885,2.42E-02,4.26E-02,0.255621465,0.323492896,0.151055318,0.144295765,0.125534556,0.13367361,0.186784384,0.201958891,0.152296869,0.19961374,8.36E-02,4.21E-02,7.27E-02,1.10E-02,0.323691317,2.01E-02,3.06E-03,1.87E-03,1.09E-03,0.56652472,3.21E-02,1.41E-02,2.11E-02,2.58E-02,6.08E-02,0.3509113,0.495261239,2986.620017
S0074,0.133305403,0.130853738,0.107811191,6.69E-02,0.133631257,0.142708624,0.173695807,0.111023182,0.276653572,0.257505003,0.212783831,7.24E-02,0.11830109,3.51E-02,1.14E-02,2.62E-03,0.136342987,0.209823964,0.174900625,0.193696763,0.285235662,0.1439523,0.20931289,0.214707553,0.160874503,0.194378194,5.79E-02,1.90E-02,0.163638338,3.04E-02,0.642900368,1.32E-02,1.83E-03,1.55E-03,1.46E-03,0.14504942,1.23E-02,4.32E-02,8.31E-02,0.282619359,0.314748201,0.256540222,7.44E-03,7231.861212
S0075,0.137296425,0.124730906,0.110831617,7.30E-02,0.127644141,0.135927555,0.16116389,0.1294693,0.261454369,0.258152377,0.203529587,8.37E-02,0.11135363,3.68E-02,1.15E-02,2.00E-03,0.222091237,0.254099239,0.174222127,0.159075483,0.190511914,0.290251134,0.304111742,0.167434716,0.106705248,8.88E-02,3.10E-02,1.17E-02,4.53E-02,3.18E-02,0.704733714,1.77E-02,3.22E-03,1.57E-03,4.54E-03,0.191126919,0.109112813,0.123053094,0.215041735,0.266844506,0.200585148,8.40E-02,1.38E-03,8536.323205
S0076,0.114796154,9.67E-02,9.40E-02,7.59E-02,0.156998244,0.145118794,0.185679948,0.130789498,0.211561502,0.173921725,0.226071619,6.26E-02,0.206436368,9.17E-02,3.13E-02,1.88E-02,0.266704632,0.294798785,0.162870159,0.133194128,0.142432296,0.212730954,0.219248292,0.168248545,0.119273602,0.1576816,7.76E-02,4.52E-02,0.16231395,3.16E-02,0.488421004,2.19E-02,3.21E-03,2.31E-03,7.16E-04,0.289451789,2.15E-02,4.42E-02,9.26E-02,0.173088685,0.16146789,0.329663609,0.177492355,6382.108151
S0077,0.105212121,0.100606061,9.56E-02,6.97E-02,0.117818182,0.140509091,0.197672727,0.17289697,0.115197779,0.183483692,0.168632894,7.13E-02,0.219708536,9.76E-02,2.83E-02,2.96E-02,0.261639608,0.312089092,0.161143164,0.137394338,0.127733798,0.147189051,0.173084664,0.185697035,0.148396619,0.202468805,9.35E-02,4.94E-02,5.91E-02,1.27E-02,0.341915152,2.11E-02,3.49E-03,2.08E-03,8.24E-04,0.558739394,2.43E-02,3.19E-02,5.18E-02,2.85E-02,5.90E-02,0.30895626,0.495487156,3522.761586
S0078,0.106613148,9.09E-02,8.75E-02,7.07E-02,0.122326105,0.13265456,0.207254393,0.182094082,0.11508181,0.149654275,0.171082358,6.12E-02,0.221332238,0.113370302,3.72E-02,3.31E-02,0.337339651,0.324396163,0.146423206,0.117300358,7.45E-02,0.195770253,0.205015602,0.191263146,0.118109326,0.160869063,7.99E-02,4.91E-02,4.42E-02,1.48E-02,0.261918747,2.24E-02,2.79E-03,2.35E-03,1.22E-03,0.65031816,6.35E-02,6.01E-02,7.45E-02,2.48E-02,1.68E-02,0.261377464,0.498904843,3743.905213
S0079,0.132889046,0.160208315,0.102392091,4.54E-02,0.113734663,0.175655398,0.192823727,7.70E-02,0.117754417,0.153526062,0.188129654,0.118119433,0.203168346,7.23E-02,1.08E-02,4.02E-03,0.116360968,0.262949376,0.187087307,0.212472487,0.221129861,6.69E-02,0.137931034,0.214380044,0.194717535,0.24079237,0.107410125,3.76E-02,7.91E-02,0.114205022,0.321786329,2.82E-02,4.10E-03,3.00E-03,2.65E-03,0.446935263,9.60E-02,0.36366776,0.319979278,0.186668969,2.24E-02,1.09E-02,3.45E-04,2965.014379
S0080,0.145510836,0.126024404,0.128164269,8.82E-02,0.129848844,0.141413222,0.163904571,7.69E-02,8.84E-02,0.210769814,0.216306409,9.19E-02,0.170420933,8.59E-02,1.57E-02,6.52E-03,0.194623103,0.310264986,0.188191407,0.172240803,0.134808335,0.149729869,0.259325958,0.204013378,0.148829431,0.156547466,5.62E-02,2.55E-02,7.93E-02,3.83E-02,0.321449711,3.34E-02,6.56E-03,1.32E-03,4.46E-03,0.515184629,5.36E-02,0.17545376,0.365024489,0.242005186,7.81E-02,5.10E-02,3.49E-02,2470.578203
S0081,0.119310606,0.100857627,7.72E-02,5.89E-02,0.13629854,0.162257815,0.202785231,0.142389175,0.113623053,0.187888017,0.19397915,8.91E-02,0.261098747,9.36E-02,3.34E-02,1.09E-02,0.269509866,0.299384681,0.178485041,0.155187778,9.74E-02,0.167197114,0.200891152,0.189391046,0.139910885,0.184553363,8.21E-02,3.60E-02,0.301590176,2.90E-02,0.241785738,3.54E-02,2.17E-03,2.17E-03,3.87E-03,0.383996181,9.36E-02,6.09E-02,5.77E-02,0.121195652,0.140295031,0.335326087,0.190993789,7537.88896
S0082,0.111088421,0.106187462,8.43E-02,4.92E-02,0.100265469,0.125587094,0.238309169,0.185215438,0.203741596,0.238526747,0.143525285,5.17E-02,0.109617071,6.17E-02,1.70E-02,3.60E-02,0.272101641,0.397564849,0.133403917,0.11011117,8.68E-02,0.311275807,0.273160402,0.170989942,0.108523028,9.79E-02,2.86E-02,9.53E-03,1.18E-02,4.29E-03,0.242647059,2.31E-02,5.92E-03,4.08E-04,1.84E-03,0.70996732,0.259005146,8.66E-02,0.183533448,0.13464837,0.117495712,0.120068611,9.86E-02,960.5601973
S0083,0.121557745,0.109938703,8.30E-02,6.56E-02,0.146076667,0.159433991,0.194870544,0.119514501,0.143696058,0.207447282,0.213097251,8.42E-02,0.209627191,0.106103746,2.24E-02,1.99E-02,0.269357298,0.298162561,0.171547781,0.14298323,0.118029367,0.183743882,0.19890877,0.20372302,0.12340528,0.172029206,7.96E-02,3.87E-02,0.129982616,6.06E-02,0.366159383,2.60E-02,2.26E-03,2.10E-03,1.83E-03,0.411021989,3.19E-02,2.77E-02,8.05E-02,0.179123506,0.212270916,0.343904382,0.124621514,6165.946566
S0084,0.120931103,0.117408838,9.34E-02,6.05E-02,0.135054195,0.155983597,0.198778267,0.11800439,0.107730305,0.237994602,0.202092988,0.10016805,0.192621072,5.89E-02,2.04E-02,8.43E-03,0.185162786,0.286059873,0.193377684,0.18234049,0.153059167,0.120804354,0.19483923,0.184910795,0.173672009,0.217971979,8.00E-02,2.78E-02,0.152524204,7.54E-02,0.282418199,3.28E-02,2.88E-03,2.13E-03,7.28E-03,0.444538973,2.20E-02,1.98E-02,7.22E-02,0.205050505,0.250721501,0.389466089,4.07E-02,6818.896918
S0085,9.22E-02,8.17E-02,8.91E-02,8.31E-02,0.146824261,0.14881493,0.197934681,0.160323484,0.176606627,0.19417951,0.19920998,7.93E-02,0.253903678,8.28E-02,2.50E-02,1.09E-02,0.278838592,0.294441473,0.179244393,0.157129825,9.03E-02,0.286325458,0.233193872,0.181257668,9.96E-02,0.118154078,5.33E-02,2.82E-02,0.171222395,1.48E-02,0.196292379,3.35E-02,1.07E-03,1.95E-03,4.73E-04,0.580702955,2.01E-02,4.09E-02,0.115754138,0.228267161,0.173631207,0.237295983,0.18404908,10557.04815
S0086,0.177501374,0.131803189,0.113386476,8.25E-02,0.150494777,0.125,0.136750962,8.25E-02,0.365075586,0.278419236,0.260683252,7.02E-02,0.101297465,4.50E-02,6.07E-03,1.26E-02,0.134705075,0.20877915,0.150891632,0.172290809,0.333333333,0.229355281,0.282853224,0.161591221,0.108916324,0.134156379,5.98E-02,2.33E-02,2.73E-02,1.03E-02,0.765409194,1.09E-02,4.40E-03,1.31E-03,7.56E-04,0.179619322,0.130382775,0.137559809,8.85E-02,0.113038278,0.121411483,0.325358852,8.37E-02,2094.407018
S0087,0.133388662,0.105858112,7.89E-02,6.91E-02,0.147039464,0.158200498,0.176630513,0.130841656,9.61E-02,0.197229801,0.215655824,8.14E-02,0.251878279,9.15E-02,0.032990556,1.59E-02,0.241676848,0.309254734,0.178604154,0.161117899,0.109346365,0.136530238,0.167837508,0.159896151,0.141493586,0.201053757,0.133246793,6.00E-02,0.161462954,3.55E-02,0.246487136,4.18E-02,2.89E-03,2.40E-03,3.12E-03,0.506367513,1.78E-02,1.84E-02,9.21E-02,0.113323533,9.70E-02,0.345449686,0.315916076,6256.72792
S0088,0.149539334,0.120216159,0.109984054,7.88E-02,0.14528703,0.135409284,0.16464387,9.62E-02,0.319502964,0.221452546,0.234235521,0.06948511,0.150896237,1.69E-02,1.16E-02,2.00E-03,7.98E-02,0.145707376,0.161225312,0.187424426,0.426037888,0.157799274,0.195082628,0.173720274,0.133615478,0.215638855,8.99E-02,3.43E-02,0.428691647,1.95E-02,0.486004075,1.48E-02,1.95E-03,1.06E-03,4.83E-03,4.31E-02,4.71E-02,2.82E-02,9.49E-02,0.155658812,0.133089944,0.375705277,0.16528377,8043.562891
S0089,0.126739063,7.22E-02,8.00E-02,9.13E-02,0.181625785,0.149602748,0.174305242,0.124310447,8.82E-02,0.183738273,0.251864325,7.31E-02,0.282078422,0.121818619,2.19E-02,2.51E-02,0.282961284,0.332664806,0.171171957,0.129752354,8.35E-02,0.15207534,0.181374259,0.162888036,0.138821067,0.201255668,0.116934077,4.65E-02,0.264337508,3.07E-02,0.207160948,3.59E-02,1.28E-03,2.29E-03,5.31E-03,0.45300628,3.57E-02,6.00E-02,6.10E-02,8.03E-02,6.88E-02,0.415690649,0.278490426,7547.025711
S0090,0.125962115,8.33E-02,6.60E-02,7.15E-02,0.165691109,0.157855925,0.187537448,0.142001198,7.10E-02,0.165373362,0.228660476,9.09E-02,0.273247678,0.118878005,3.04E-02,2.12E-02,0.285714286,0.318733154,0.179469901,0.143530997,7.26E-02,0.131626235,0.164982031,0.161500449,0.126123091,0.230458221,0.125336927,5.99E-02,0.201308876,1.86E-02,0.202691492,3.84E-02,1.38E-03,3.96E-03,6.59E-03,0.527099272,2.23E-02,1.96E-02,1.76E-02,7.02E-02,5.43E-02,0.291197882,0.524818001,7621.043926
S0091,0.151461988,0.150146199,0.102631579,5.83E-02,0.130555556,0.171052632,0.161111111,7.47E-02,0.17202454,0.254723926,0.219141104,8.96E-02,0.171533742,2.18E-02,9.08E-03,3.93E-03,0.115228426,0.243147208,0.185279188,0.210152284,0.245177665,0.156345178,0.162944162,0.172588832,0.170050761,0.22893401,8.12E-02,2.69E-02,0.114018418,4.77E-02,0.378161088,3.95E-02,3.95E-03,4.68E-03,6.29E-03,0.405788627,0.101090909,0.210909091,0.368727273,0.167272727,4.44E-02,7.49E-02,3.27E-02,1054.522398
S0092,0.122439226,8.07E-02,5.92E-02,7.29E-02,0.170038551,0.159365342,0.205499092,0.129926403,8.08E-02,0.120416361,0.230510085,5.29E-02,0.281734548,0.193884162,4.50E-02,6.68E-02,0.303075323,0.334794236,0.181919477,0.12383004,5.63E-02,0.191204873,0.21059278,0.168102808,0.138760957,0.178056752,7.99E-02,3.31E-02,0.281144459,6.18E-02,0.1255974,4.91E-02,2.36E-03,6.60E-03,1.62E-03,0.471738992,2.70E-02,4.89E-02,0.137925768,0.136856576,0.151061555,0.357110127,0.141133344,8639.436528
S0093,0.155369226,0.154339512,7.91E-02,4.54E-02,0.132068255,0.172491909,0.155398647,0.105913504,8.26E-02,0.230950662,0.216077016,0.119277978,0.183297232,4.72E-02,1.89E-02,4.33E-03,0.135541577,0.270689994,0.173383133,0.214468252,0.205917043,7.64E-02,0.134460389,0.173088264,0.183212109,0.257420877,0.128268134,4.73E-02,0.119002089,0.117442853,0.235562355,4.77E-02,3.09E-03,3.06E-03,4.38E-03,0.46977141,1.37E-02,0.192849134,0.346455712,0.197458577,0.108135044,0.112744487,2.87E-02,3207.438094
S0094,9.59E-02,8.49E-02,7.60E-02,9.77E-02,0.148337175,0.145785314,0.205424761,0.145908792,2.74E-02,0.109603456,0.199601241,8.01E-02,0.372175454,0.151030128,3.98E-02,3.58E-02,0.383766745,0.334384029,0.132125033,0.106032747,4.37E-02,0.139129673,0.187023903,0.189300412,0.143945364,0.168198932,0.111548901,6.09E-02,0.10788228,2.14E-02,0.112986211,3.78E-02,1.28E-03,3.13E-03,1.89E-03,0.713644783,8.48E-03,1.93E-02,0.121025246,0.162073617,9.98E-02,0.189631914,0.399691655,4435.823519
S0095,9.19E-02,8.17E-02,0.159954798,7.80E-02,0.126155743,0.142284775,0.205979043,0.114136018,8.99E-02,0.173551171,0.189272503,6.54E-02,0.308723798,7.35E-02,2.19E-02,1.03E-02,0.305658512,0.329132691,0.176921176,0.121077341,6.67E-02,0.195206326,0.208302446,0.199654065,0.124289597,0.169261181,7.61E-02,2.69E-02,0.212840267,2.66E-02,0.146070878,4.05E-02,3.39E-03,1.34E-03,2.16E-03,0.567128916,0.196016297,5.34E-02,0.183793572,0.184698959,0.189678588,0.181077411,1.13E-02,2663.834099
